js-yl-11246430,"2701 Hart Street Vincennes, IN 47591 US"
js-yl-11246428,"111 Ren Mar Drive Pleasant View, TN 37146 US"
js-yl-11246429,"11585 Quail Roost Drive Miami, FL 33157 US"
js-yl-11246433,"421 Putnam Pike Greenville, RI 02828 US"
js-yl-11246425,"2026 Coney Island Ave Brooklyn, NY 11223 US"
js-yl-11246426,"10036 Dumfries Rd Manassas, VA 20110 US"
js-yl-11246427,"2110 Goliad Rd San Antonio, TX 78223 US"
js-yl-11246434,"8221 West Broward Blvd Plantation, FL 33324 US"
js-yl-11246432,"45960 Denizen Plaza Road Sterling, VA 20165 US"
js-yl-11246431,"45 Salem Turnpike Norwich, CT 06360 US"
